Timestamp,Email address,YOUR GOOD NAME :~,FATHER NAME :~,SURNAME :~,DEPARTMAENT:~,ROLL NO. :~,GENDER :~,BIRTH DATE :~,CONTECT NO. :~,WHATSAPP NO. :~,LINKEDIN :~,INTREST TO DO :~,SKILLS YOU HAVE :~,id
02/08/2026 19:36:05,pbhavyesh048@gmail.com,Bhavyesh,Dineshbhai,Patel,ROBOTICS & AUTOMATION ENGINEERING,141007,MALE,23/05/2008,9909819206,9909819206,MEGATRONICALS FINAL PEOPLE,Create Own Robotics & Automation (Megatronics) Infrastructure.,"TECHNICAL (IN MECHENICS), AI PROMPTING, CODING, EDITING / DESIGNING, PHOTOGRAPHY, MANAGEMENT / LEADERSHIP, COMEDIAN, SPORTS",1
03/08/2026 21:32:37,dayanidaksh14@gmail.com,Daksh,Jagdishbhai,Dayani,ROBOTICS & AUTOMATION ENGINEERING,141011,MALE,14/10/2008,9925705979,9925705979,,Making drone,SPORTS,2
03/08/2026 14:08:39,mahidasaad78@gmail.com,Saad,"Asifbhai ",Mahida,ROBOTICS & AUTOMATION ENGINEERING,141060,MALE,04/05/2009,7861009537,7861009537,https://www.linkedin.com/in/saad-mahida-1a3660349?utm_source=share_via&utm_content=profile&utm_medium=member_android,"Make Humanoid Robot, AI-ML and Leadership ","ELECTRONICS, TECHNICAL (IN MECHENICS), AI PROMPTING, CODING, MANAGEMENT / LEADERSHIP",3
03/08/2026 15:09:19,sanghvikahaan7@gmail.com,Kahaan,"Hetal ",Sanghvi,ROBOTICS & AUTOMATION ENGINEERING,141029,MALE,30/07/2008,9106566091,9106566091,Kahaan Sanghvi,"Technical Logical Thinking, Sports","TECHNICAL (IN MECHENICS), AI PROMPTING, EDITING / DESIGNING, MANAGEMENT / LEADERSHIP, SPORTS",4
04/08/2026 14:45:05,anark7990766044@gmail.com,PRIYANSH,Ramkumar Bhagat,Bhagat,ROBOTICS & AUTOMATION ENGINEERING,141006,MALE,24/05/2007,7990766044,7990766044,,Robotics,"TECHNICAL (IN MECHENICS), MANAGEMENT / LEADERSHIP",5
03/08/2026 15:08:49,yastilimbani18@gmail.com,"Yashti ",Ashwinbhai,Limbani,ROBOTICS & AUTOMATION ENGINEERING,141079,FEMALE,18/03/2009,9714475706,9714475706,,Everything,"AI PROMPTING, CODING, PHOTOGRAPHY, COMEDIAN",6
03/08/2026 12:40:53,tanishqpatel363@gmail.com,Tanishq,"Nileshbhai ",Patel,ROBOTICS & AUTOMATION ENGINEERING,141067,MALE,06/07/2008,8320574630,8320574630,,"Ai prompting ","TECHNICAL (IN MECHENICS), AI PROMPTING, PHOTOGRAPHY, MANAGEMENT / LEADERSHIP, SPORTS",7
04/08/2026 15:08:37,krishavikram3121@gmail.com,Krishaa,"Vikrambhai ",Patel,ROBOTICS & AUTOMATION ENGINEERING,141051,FEMALE,07/02/2009,8320977124,8320977124,,Arts,"ELECTRONICS, ARTS / CRAFTS / WRITING",8
06/08/2026 21:11:08,pratishthapanara@gmail.com,"Pratishtha ","Gautamkumar ","Panara ",ROBOTICS & AUTOMATION ENGINEERING,141048,FEMALE,29/09/2008,6354038093,6354038093,https://www.linkedin.com/in/pratishtha-panara-499118406?utm_source=share_via&utm_content=profile&utm_medium=member_android,"Painting, learning new skills ","EDITING / DESIGNING, ARTS / CRAFTS / WRITING",9
03/08/2026 15:13:28,dudhatjems2008@gmail.com,Jems,Alpeshbhai,Dudhat,ROBOTICS & AUTOMATION ENGINEERING,141019,MALE,09/10/2008,9687199749,9687199749,,,"ELECTRONICS, TECHNICAL (IN MECHENICS), PHOTOGRAPHY, COMEDIAN, SPORTS",10
03/08/2026 18:20:22,sahilvavliya11@gmail.com,Sahil,Chaturbhai,Vavaliya,ROBOTICS & AUTOMATION ENGINEERING,141061,MALE,01/01/2009,6351948421,6351948421,,Everything,"TECHNICAL (IN MECHENICS), COMEDIAN",11
04/08/2026 15:09:37,jeeyakalathiya@gmail.com,Jeeya,Mahasukh bhai,Kalathiya,ROBOTICS & AUTOMATION ENGINEERING,141030,FEMALE,07/02/2008,7874788387,7874788387,No,"Resigning 
Designing ","ELECTRONICS, ARTS / CRAFTS / WRITING",12
03/08/2026 12:53:38,utsavvastarapara@gmail.com,Utsav,"Pankaj bhai ","Vastarpara ",ROBOTICS & AUTOMATION ENGINEERING,141076,MALE,18/10/2008,9213643936,9213643936,,"Interested in astronomy ","ELECTRONICS, TECHNICAL (IN MECHENICS), AI PROMPTING, PHOTOGRAPHY, ARTS / CRAFTS / WRITING, COMEDIAN, SPORTS",13
04/08/2026 21:38:10,ptntlenergy@gmail.com,"Nachiket ","Meet ",Desai,ROBOTICS & AUTOMATION ENGINEERING,141044,MALE,06/09/2008,9558791145,9558791145,,Very much,"PHOTOGRAPHY, MANAGEMENT / LEADERSHIP",14
03/08/2026 20:53:06,mvpatel8940@gmail.com,Meet,"Vinodkumar ","Patel ",ROBOTICS & AUTOMATION ENGINEERING,141052,MALE,19/12/2008,8866248940,8866248940,,"Make a new product and sell in the market ","AI PROMPTING, EDITING / DESIGNING, MANAGEMENT / LEADERSHIP, SPORTS",15
04/08/2026 12:32:49,khushipaladiya04@gmail.com,"Khushi ","Jayeshbhai ","Paladiya ",ROBOTICS & AUTOMATION ENGINEERING,141032,FEMALE,04/12/2008,9213541180,9213541180,No,"Rurar engineering and coding ","PHOTOGRAPHY, ARTS / CRAFTS / WRITING, MANAGEMENT / LEADERSHIP",16
04/08/2026 17:24:30,priyabhimani2311@gmail.com,Priya,"Gunvantbhai ",Bhimani,ROBOTICS & AUTOMATION ENGINEERING,141008,FEMALE,23/11/2008,9274583664,9274583664,No,designing new robotics things and collecting information about new robotics things.,"AI PROMPTING, EDITING / DESIGNING, PHOTOGRAPHY, ARTS / CRAFTS / WRITING",17
03/08/2026 12:41:04,krishnappanchal2008@gmail.com,Krishna,Pareshbhai,Panchal,ROBOTICS & AUTOMATION ENGINEERING,141034,MALE,20/01/2008,8153946394,8153946394,,"I have interest in AI prompting and some technical skills... And I have a good grip in Autocad design ","TECHNICAL (IN MECHENICS), AI PROMPTING, EDITING / DESIGNING, SPORTS",18
05/08/2026 21:26:43,vyonashah3@gmail.com,Vyona,"Dipakbhai ",Shah,ROBOTICS & AUTOMATION ENGINEERING,141077,FEMALE,12/12/2008,9427650625,9427650625,,"I always wanted to explore things and learn from others ","EDITING / DESIGNING, PHOTOGRAPHY, ARTS / CRAFTS / WRITING, MANAGEMENT / LEADERSHIP, COMEDIAN",19
05/08/2026 19:12:03,yashbhatt2272@gmail.com,YASH,"JAYESHKUMAR ",BHATT,ROBOTICS & AUTOMATION ENGINEERING,141078,MALE,22/01/2009,9054472722,9054472722,https://www.linkedin.com/in/yash-bhatt-312411424/?lipi=urn%3Ali%3Apage%3Ad_flagship3_profile_view_base_contact_details%3BbGVFoh6cS8Ov24l60jf0WQ%3D%3D,"Observing Things , How it's work ","ELECTRONICS, TECHNICAL (IN MECHENICS), COMEDIAN, SPORTS",20
03/08/2026 12:43:56,mihirgorfad21@gmail.com,Mihir,Rameshbhai,Gorfad,ROBOTICS & AUTOMATION ENGINEERING,141043,MALE,21/11/2008,7567580400,7567580400,,"Coding ","CODING, EDITING / DESIGNING",21
04/08/2026 12:32:48,arminavadiya919@gmail.com,Armi,"Harshadbhai ","Navadiya ",ROBOTICS & AUTOMATION ENGINEERING,141002,FEMALE,30/03/2009,9824496939,9824496939,No,"Coding ","CODING, PHOTOGRAPHY, ARTS / CRAFTS / WRITING, MANAGEMENT / LEADERSHIP, COMEDIAN",22
03/08/2026 13:01:49,himalipatel456@gmail.com,"Himali ","Chirag ",Patel,ROBOTICS & AUTOMATION ENGINEERING,141024,FEMALE,15/12/2008,7990469365,7990469365,,"Designing ","EDITING / DESIGNING, PHOTOGRAPHY, ARTS / CRAFTS / WRITING",23
04/08/2026 16:55:38,mudraxdave@gmail.com,"Mudrax ","Jignesh ",Dave,ROBOTICS & AUTOMATION ENGINEERING,141010,MALE,11/09/2007,7575007282,7575007282,,"Making working models ","EDITING / DESIGNING, MANAGEMENT / LEADERSHIP, SPORTS",24
03/08/2026 14:59:24,jariwalachitrakshi@gmail.com,"chitrakshi ","Vimal ","Jariwala ",ROBOTICS & AUTOMATION ENGINEERING,141009,FEMALE,01/02/2009,9136689001,9136689001,,"Models making ",ARTS / CRAFTS / WRITING,25
04/08/2026 18:13:23,hetansh1318@gmail.com,Hetansh,"Jitendrakumar ",Patel,ROBOTICS & AUTOMATION ENGINEERING,141022,MALE,19/11/2008,9773292816,9773292816,Hetansh Patel,"Opening machine and understanding how they work, gaming, learning about things that aren't useful and very nich, photography ","ELECTRONICS, TECHNICAL (IN MECHENICS), EDITING / DESIGNING, PHOTOGRAPHY",26
03/08/2026 22:42:02,veteranparth9107@gmail.com,Parth,Rakeshkumar,Chaudhari,ROBOTICS & AUTOMATION ENGINEERING,141049,MALE,09/01/2007,8469001928,8469001928,,"Sleep ","ELECTRONICS, PHOTOGRAPHY, SPORTS",27
03/08/2026 17:33:24,rudravirani97@gmail.com,"Rudra ","Dipakbhai ","Virani ",ROBOTICS & AUTOMATION ENGINEERING,141058,MALE,05/09/2009,9825930525,9825930425,,"Something nothing ","ELECTRONICS, ARTS / CRAFTS / WRITING, COMEDIAN, SPORTS",28
03/08/2026 23:19:25,upalnadapara17@gmail.com,Upal,Chetanbhai,"Nadapara ",ROBOTICS & AUTOMATION ENGINEERING,141072,FEMALE,17/10/2008,9023996522,9023996522,,"Machine parts manufacturing ","ELECTRONICS, TECHNICAL (IN MECHENICS), PHOTOGRAPHY, COMEDIAN, SPORTS",29
05/08/2026 21:28:10,tejashwinilodhi@gmail.com,"Tejashwini ","Kiratsingh ",Lodhi,ROBOTICS & AUTOMATION ENGINEERING,141068,FEMALE,31/01/2008,7284979607,7284979607,No,"Robotics ","TECHNICAL (IN MECHENICS), MANAGEMENT / LEADERSHIP",30
06/08/2026 12:24:01,devumuliya21@gmail.com,"Devangi ","Rajesh Kumar ","Muliya ",ROBOTICS & AUTOMATION ENGINEERING,141013,FEMALE,21/05/2009,7265861311,7265861311,,"ELECTRONICS ","ELECTRONICS, COMEDIAN",31
03/08/2026 18:51:43,zalapriyanshu8@gmail.com,"Priyanshu ","Dipak ","Zala ",ROBOTICS & AUTOMATION ENGINEERING,141055,MALE,30/09/2008,9998019638,9998019638,,"Building ROBOT and AUTOMATED VEHICLE ","ELECTRONICS, TECHNICAL (IN MECHENICS), CODING",32